Sharpe Ratio,Maximum Drawdown,CoVaR,MES,SRISK,CES
0.04706098362197889,-7.454372836107216,-0.4920607522896791,-0.4920607522896791,0.07092865000168366,-0.4920607522896791
